{
    "epochs": [
        0,
        5,
        10,
        15,
        20,
        25,
        30,
        35,
        40,
        45,
        50,
        55,
        60,
        65,
        70,
        75,
        80,
        85,
        90,
        95,
        100,
        105,
        110,
        115,
        120,
        125
    ],
    "losess": [
        0.3096884955775063,
        0.3069652532631496,
        0.30135417378173684,
        0.2983252271166388,
        0.2873029869120076,
        0.28030021123166354,
        0.2645062514633503,
        0.24622785314074103,
        0.23273410156088056,
        0.22227521887365378,
        0.2112627403353745,
        0.20909016509101075,
        0.2056734615339423,
        0.20395402188570994,
        0.20108154528545882,
        0.19973092062293357,
        0.19847349372674833,
        0.20029584079418541,
        0.19637352987280432,
        0.1978580965748373,
        0.196563166267467,
        0.19654345723255626,
        0.19689554454020733,
        0.19560563536185138,
        0.19458569614392407,
        0.1966085172486755
    ]
}