{
    "epochs": [
        0,
        5,
        10,
        15,
        20,
        25,
        30,
        35,
        40,
        45,
        50,
        55,
        60,
        65,
        70,
        75,
        80,
        85,
        90
    ],
    "losess": [
        0.3047900753961483,
        0.30248020400463693,
        0.3005586554047088,
        0.29850344947526153,
        0.2995546065585714,
        0.29947273181357853,
        0.29984033506521035,
        0.2986227418755142,
        0.29946223929734295,
        0.2998401873128515,
        0.30578728167104047,
        0.3098173294688614,
        0.3076979230407258,
        0.3223862121222724,
        0.34298558050478006,
        0.3789046646003992,
        0.35702701080852833,
        0.3551754571602378,
        0.36554309767736515
    ]
}